{"cameraMode":{"drawMode":0,"name":"Shaded","section":"Shading Mode"},"sceneLighting":true,"audioPlay":false,"sceneViewState":{"showFog":true,"showMaterialUpdate":false,"showSkybox":true,"showFlares":true,"showImageEffects":true,"showParticleSystems":true},"in2DMode":false,"pivot":{"x":8286.4482421875,"y":2456.48193359375,"z":-864.7186889648438},"rotation":{"x":-0.1467224806547165,"y":0.7932859659194946,"z":-0.21234677731990815,"w":-0.5518852472305298},"size":7131.5625,"orthographic":false}